date,daily_active_users,avg_satisfaction,task_success_rate,avg_completion_time,crash_rate,support_tickets,feature_adoption_rate,bounce_rate,retention_proxy
2025-01-01,4079.6008644319186,3.632575765052456,0.7589598274750468,140.59525887818188,0.025289899534861347,179.84867915080505,0.16911467256930082,0.41862422012688805,0.6150628701122717
2025-01-02,4373.107202244824,3.6918618419549816,0.7671424552926565,146.67253904148134,0.023554943273431186,201.7169044915324,0.1779652063871012,0.4439991496802123,0.6163743168141209
2025-01-03,4493.767365407974,3.8259911685325814,0.7736662302470213,144.78815041522316,0.025731401684167567,192.17932699651007,0.20802195430401943,0.4539347065368846,0.6394721914761049
2025-01-04,4106.504415679346,3.696231110815809,0.7675199235381139,143.99519954905566,0.028377154533662272,185.10369662087862,0.1889116021835514,0.42634775743154685,0.6273485717466033
2025-01-05,3954.885682472691,3.7877240641668437,0.7812303095731695,140.50686679025065,0.02605406517561812,183.34729243261415,0.18865064138632492,0.4421900747496786,0.6013309731859429
2025-01-06,3893.0938129636284,3.6519839826557425,0.7462993717285853,141.20259102563483,0.026808735635203355,170.24429512314777,0.18057241503527716,0.4427209331061736,0.6198943343804243
2025-01-07,4175.331454764427,3.5776331734929334,0.7542160326986194,136.99059982971383,0.02699591880294752,168.0640378196388,0.19394610594835138,0.427720493759267,0.6011890812616523
2025-01-08,4365.030396833808,3.651192369546422,0.7614002106760491,128.99640601819831,0.02064455278486886,189.78990288979918,0.19439266972821176,0.43017626852062163,0.6320290049144195
2025-01-09,4446.494983518911,3.764224891126741,0.7769003831060574,149.1050211719977,0.027205818956813725,175.6064191222107,0.1765460022682651,0.43574139499527637,0.6490983266644808
2025-01-10,4508.793780619926,3.7204643504636654,0.7670536923554686,140.0976849883436,0.024291392609245153,195.66834885878117,0.19707134547376798,0.446771658056389,0.59826458165489
2025-01-11,4267.776302777896,3.6180320794886214,0.7904826608886538,143.39384718674208,0.028634340273736084,185.7523329562908,0.20316638108725232,0.42604262628132195,0.6318047007490449
2025-01-12,4013.033176910613,3.6023852706270136,0.7542889642008901,148.13787495226964,0.028095696560154426,170.2278228954416,0.19092587824776824,0.4268907408324563,0.612722613177754
2025-01-13,4096.715210465559,3.679149381527129,0.7247668770111423,150.68892292958054,0.02336731753428223,180.2004079741415,0.17307354469285824,0.43052912714878466,0.6208161942141265
2025-01-14,4176.91135806808,3.6040806372685728,0.7491107670710824,141.35266951678332,0.02686002857331206,173.8210852854906,0.19057297152482017,0.4220156875325877,0.6218908444895271
2025-01-15,4252.404850798771,3.608710445752957,0.7525005025239938,140.07186477618893,0.027754457610975364,183.95789114920623,0.1904545006257086,0.43608050088707584,0.6385647059189967
2025-01-16,4202.12707954621,3.761945740973161,0.7705119610537371,141.40932915536064,0.023817471200275237,186.146733010346,0.20182197001684604,0.4587223584806759,0.6430502052278296
2025-01-17,4517.554699484763,3.826406536355688,0.8049883955052761,140.59697959057883,0.02900896002892775,192.2974020730196,0.20295803524630301,0.4439377117796763,0.6432183208371914
2025-01-18,4386.7442261415745,3.810862147191498,0.7690528231308722,144.02192034972433,0.025009070994835847,181.3882262309111,0.21641870265999663,0.44663394050507577,0.6247727429429347
2025-01-19,4093.9267549383985,3.682087465902434,0.7560884247097761,145.25440958526772,0.027013741577273456,176.54969105246604,0.1987847907225219,0.44303759409047044,0.6208682379889677
2025-01-20,4165.557155591364,3.6165583684681177,0.7495547612337112,148.61933264458452,0.02513295739782498,166.6054107722894,0.18234766381781572,0.42493779141939664,0.617729973791217
2025-01-21,4291.217398617904,3.543248246824636,0.7703983333963433,147.30777117144055,0.024622976404718354,184.2346837651517,0.18647292786184275,0.42858548952879205,0.6343525667544194
2025-01-22,4395.717426698531,3.7205986894027565,0.7829798066051793,145.98083729622866,0.028526263213839918,185.3221759104855,0.20720659882855041,0.42872138962414424,0.6181684522873065
2025-01-23,4486.172957883779,3.7614740989631277,0.7929566563008448,131.86892242429428,0.024977649294368725,194.96650972737834,0.2078993800627274,0.43014813773638594,0.644772748121518
2025-01-24,4447.947845563683,3.81025676650326,0.7705531752182267,140.7345742794113,0.02229969179758346,175.77279079855975,0.22952148322181853,0.4460095852062749,0.6478558867543469
2025-01-25,4466.757954372528,3.733179292309913,0.765855099979426,142.79770010145594,0.025350990910643773,183.4338727199938,0.21829192444476547,0.435231736126082,0.6327967282161228
2025-01-26,4062.837178577335,3.636427127909837,0.7630870900956005,143.91255251357714,0.027413686096737347,178.48549208449322,0.19689909772112166,0.421940470884959,0.6354761262154879
2025-01-27,4203.165471137122,3.661868768666624,0.761015742783815,154.1200647921026,0.025234262080601068,183.37552913474443,0.20816362441597258,0.4234122191926086,0.6188817766235762
2025-01-28,4239.642405027962,3.6693989998093017,0.7474615036655903,147.64272951636377,0.030339470611910002,177.20172306169482,0.21070211621824145,0.4116621434878059,0.6196547365240582
2025-01-29,4335.450901484724,3.683244156493315,0.7791442644111167,136.07909629304157,0.025419695060639052,191.16783427303278,0.21605414896666356,0.41647759286314195,0.6353778047831111
2025-01-30,4621.9351007327305,3.6834420209058307,0.795134903455512,146.9781908391386,0.02897043236370167,192.02759477081614,0.22565798162208553,0.4339765770096129,0.6605904678640421
2025-01-31,4491.677379710454,3.7827582931689174,0.8047436030798972,150.5996439342962,0.020304656697738135,186.14390168776148,0.23329204750945473,0.4419234126748852,0.6392604673227386
2025-02-01,4532.963590153965,3.6472204525001604,0.7852335030524172,156.08688317864298,0.02626615382769022,188.4652979748058,0.22587677496651376,0.4267096440681912,0.6455562742674064
2025-02-02,4306.829907395244,3.613988452402605,0.7614205321666578,147.49996544474482,0.021617147474802735,175.37922103357377,0.21226029354050485,0.4179875088049041,0.6292692289212253
2025-02-03,4125.810159004266,3.6519037274658395,0.7650265236136039,149.92471389308616,0.021422439963970454,173.6524946445791,0.2069348244365158,0.42621315183919967,0.6258007197394326
2025-02-04,4269.347236427932,3.640264195776377,0.7426022789251612,147.61724098715447,0.02468797765546546,178.96326116989547,0.21588923256550294,0.420421053667938,0.6063601058900325
2025-02-05,4278.580186437261,3.6758213240746422,0.7590707093735193,151.73437274057886,0.024521378137028656,189.19428298875673,0.22674552346110924,0.42414629570305223,0.6526249803079398
2025-02-06,4494.605664195741,3.819505446964525,0.7861203444486735,132.72597382563634,0.024544237831716168,198.15521350273536,0.2253129129482548,0.43084148099966313,0.662959038733084
2025-02-07,4392.9938981431915,3.7375943947280206,0.8039126534592629,148.04109073999595,0.022281469109913757,187.2571287161293,0.2433265577171535,0.42860489978373295,0.6442642917055105
2025-02-08,4473.3513660188,3.7028930648789373,0.7846622349351238,134.24733706055736,0.02421129332508553,184.82364101814338,0.2286847437254517,0.42052700812524707,0.671990713106448
2025-02-09,4351.654089078868,3.7132031511639094,0.7642109545985166,144.42980808747458,0.025089634135697435,176.7815118184981,0.2184029874394147,0.4221977922340089,0.6336273752962234
2025-02-10,4249.4312515434685,3.6335139154158878,0.7535621572949036,155.4701842991713,0.023563633510546002,170.210755720819,0.24107437873814336,0.4041283362461584,0.6379397003537419
2025-02-11,4262.825303075263,3.65205481239914,0.7672796958816553,144.60581406323686,0.022679636323631885,180.4555973554606,0.21996864390113455,0.416481370040462,0.6239176488564189
2025-02-12,4470.24029049057,3.7210589597669848,0.7863448873257985,151.19527353673885,0.02239792870494068,177.6722545050805,0.22189532886717211,0.4245458461384655,0.6208523122906778
2025-02-13,4676.301761557257,3.776694318438151,0.794037200459364,140.34281645598577,0.025510340791869174,182.50355083417023,0.23070989376474346,0.42566054950597815,0.6343145366930542
2025-02-14,4434.78943883152,3.7658721343381663,0.8073303736629093,145.54053448715507,0.021019715023253532,191.7897616675657,0.251670556709273,0.41982239943912125,0.6628809350873256
2025-02-15,4452.298284784764,3.782662770381254,0.7531296674277631,138.5708809409814,0.02431821442960961,181.14818531891822,0.23213759595772482,0.4353854166199876,0.6477582090961024
2025-02-16,4209.607563843696,3.7319624234878304,0.7703064398770089,140.85591523956904,0.026881864695129515,179.16474533231028,0.23503220737767844,0.41282578044632817,0.6555913065271564
2025-02-17,4149.07898202661,3.625590661654363,0.7588694148707892,137.39439240533923,0.01775087539162591,180.23269933315302,0.22378629136260775,0.4072392091081262,0.6390242486779852
2025-02-18,4263.181538402413,3.5875908782225348,0.7671712727472116,148.29468335718164,0.030108407240716284,158.92199318249175,0.23343534801466997,0.41181392790536603,0.639083325395288
2025-02-19,4542.248942371172,3.6588014245260387,0.7853444720972891,147.10886918744328,0.0232230003933228,173.10037750644244,0.23945169367809532,0.43167620986131994,0.6303084859414116
2025-02-20,4543.209990328176,3.923499345995596,0.7720260197239861,138.69709791638022,0.024076719556054234,190.44527882544006,0.22784317124904133,0.43177992658458925,0.6575391775403439
2025-02-21,4558.465059491638,3.9403244636921495,0.7898546168204342,141.3948962932549,0.022718637713987543,191.19841419551258,0.25867641784870854,0.4386352674416111,0.6462022722254067
2025-02-22,4281.4253841567,3.6721612603921567,0.7907731434114326,146.9920375749897,0.021855484724019766,191.24242414323354,0.24751155633770328,0.4286888961476172,0.63789068582953
2025-02-23,4486.917937133779,3.6051017641254224,0.7558740447998605,143.46381811047436,0.02552249261464034,182.84608456037415,0.2423111292303216,0.43716493632015613,0.6320873323494345
2025-02-24,4160.442280277417,3.662383279556195,0.7855210813851332,135.17254389744366,0.02424412750390734,176.4088098147169,0.24170944126936467,0.4057229398817323,0.6161620961125824
2025-02-25,4433.815782771712,3.724255969871469,0.77111554995427,149.70793366052712,0.026640458346376586,182.03037092679773,0.23532980868880132,0.4259947150163282,0.6328894454025339
2025-02-26,4504.691508806016,3.7691405374853346,0.7686283231097135,136.9739208042282,0.024643196131107804,186.23328209779956,0.25447764264659906,0.4306346568479803,0.6346588832478228
2025-02-27,4553.557875429964,3.773924101769363,0.7892227051956637,143.15735059206764,0.02570004248392664,198.03182891419712,0.253165718679599,0.4228403684618516,0.6669061946170269
2025-02-28,4486.61732116381,3.7820507597057498,0.7906677226166254,134.6554819259492,0.02355003560254601,196.78021535160323,0.2496011388152952,0.42115197783373987,0.6724680613111123
2025-03-01,4486.014364731411,3.7020805483823005,0.7903901937492528,135.3772423431135,0.028295563689763915,186.97320234094195,0.23547781399269477,0.4092238061890776,0.6726304724976658
2025-03-02,4352.797056018463,3.6889467144359815,0.7780076468330461,141.31587019819855,0.025499641065001695,176.63360230784147,0.24675559750607137,0.40828038276107076,0.6603120618179257
2025-03-03,4262.256413465352,3.710969424957446,0.7610084114007035,137.29959929980453,0.021376699333993665,166.24647961136887,0.2444583519682797,0.40651472631850344,0.6427663268605114
2025-03-04,4388.727137713656,3.6402705091872516,0.7484830271879681,141.99350432768665,0.024626900579732713,172.59413634352774,0.25240983526938493,0.3966169408769831,0.6432274710908318
2025-03-05,4336.117315712096,3.64993749544884,0.7572587417081514,146.54526276083453,0.027946897074400158,163.5927347275167,0.23581383795128102,0.4018326551016208,0.6469835417309482
2025-03-06,4608.303447230915,3.7701865676590547,0.7718996524150663,138.74677432084474,0.02550892252211261,192.0993932753767,0.2631020925765638,0.4199836041478465,0.676556194683642
2025-03-07,4669.430667111082,3.8456542978387582,0.7788244031704432,139.16989455820774,0.029786159979711613,193.77065190742732,0.26917837137477757,0.42486809133637093,0.656248595727591
2025-03-08,4717.922742079284,3.7979284880259043,0.7561833364687492,138.70199281458522,0.02358223374732792,190.25531149400183,0.26213696937866143,0.42876107799302077,0.6594332241674961
2025-03-09,4469.28948555157,3.683661945848129,0.7905035478247462,142.3349987116495,0.024783539509610944,179.712937032856,0.2469060059039157,0.3972708050810816,0.660917699059559
2025-03-10,4296.187656357085,3.6387733414351215,0.7761106710638906,146.93749379684758,0.026678188814574625,183.00797228748337,0.25238965917049266,0.4175057193565635,0.634838724461581
2025-03-11,4316.791373203726,3.778472537923226,0.780269458371397,141.97081533345604,0.025221824701579285,171.5709766453944,0.2446020916982566,0.42207532422566313,0.6532690883484367
2025-03-12,4371.324130708771,3.69263593016178,0.7788217258336659,145.97141775010337,0.01910615920830369,182.16989877448984,0.25995373090873997,0.3941878006170524,0.6568716380384464
2025-03-13,4695.079121819183,3.830052811225873,0.7983919525162141,141.2972414421958,0.025243008382734067,186.05974532382226,0.27951271868208716,0.4311396083834519,0.6451432745982082
2025-03-14,4455.843548657679,3.8134903138907235,0.8096145839266312,143.0670900397043,0.024484528380484063,175.38946336212092,0.275580863030788,0.4129249697146316,0.6638968501908725
2025-03-15,4450.192400152612,3.771324818628577,0.8120597485305032,140.27304611983664,0.024757175140997758,183.9411014881164,0.26612957140388804,0.40956843935380766,0.6427349051051502
2025-03-16,4329.306500879096,3.6633893809895013,0.777615315103497,146.28413637029385,0.024851430722343932,170.33224636552538,0.25960032082543616,0.39911081698728046,0.6551649469947802
2025-03-17,4357.0801748249605,3.6700923149194025,0.7815156414829455,134.02100567706768,0.025765507032411955,176.63996191246633,0.2791995491455547,0.39967174190664745,0.6519740281276646
2025-03-18,4410.82652162532,3.702945109791091,0.7617026598112865,146.79389777193464,0.025488329794417067,171.3492520472713,0.2647649440160871,0.4210846839172847,0.6419641341779678
2025-03-19,4589.455228359035,3.6439330988400833,0.7997125821032888,141.95990959485476,0.026464425823863512,183.48544504230853,0.26372841726764495,0.4318405356818049,0.6675929025599641
2025-03-20,4799.904618291534,3.850942722679346,0.798614816213334,142.0711419452868,0.02188517726792065,180.53446491024116,0.2616242263275574,0.40812177456129084,0.6623737776397224
2025-03-21,4687.054308438273,3.8283632676121897,0.7889304005360038,153.5924592122017,0.020636053498609627,183.7014576804968,0.29613360552786283,0.4506887944513022,0.6796374255637221
2025-03-22,4614.488824172098,3.781391209291628,0.7947739698890198,141.0656826439136,0.02531521878500419,176.31004941204017,0.28338460925454145,0.4272203350176633,0.6764624869402505
2025-03-23,4346.933834086542,3.635545568848946,0.7778899843391579,140.6810746182535,0.0280714685974567,181.95863111039733,0.26418151112953764,0.39220868171491374,0.671360847881117
2025-03-24,4384.664714975195,3.733443083054022,0.7744253657773726,138.99828761400957,0.025462547416438115,171.7263437895741,0.25553070894603963,0.407914632137093,0.6125864862739869
2025-03-25,4256.805867251459,3.7990789481900107,0.7808998935596827,141.81458437698143,0.019144938459368044,169.53451348636747,0.2687252998219007,0.40885538700245444,0.6390474229137837
2025-03-26,4611.86393839009,3.6887784897222353,0.770578735297802,136.49223092063718,0.021213108195769104,175.53394816327437,0.28323263311897845,0.3944996369251282,0.6684630506186319
2025-03-27,5057.102807593522,3.7939725764815755,0.7919270491649165,141.74846597398187,0.026025268683980363,177.1869195611147,0.2895517075958167,0.4282613345942595,0.6719210658544996
2025-03-28,5009.1763544947335,3.8439935426184797,0.8207970293503338,134.88218098514452,0.025218169176600413,180.02394871380815,0.29792705310360396,0.41064846422863455,0.6736746465363777
2025-03-29,4642.1584020150585,3.842835555518963,0.8067134756978348,137.11807799473647,0.020161384082555064,180.27137502330294,0.28379409447536547,0.42244597864313277,0.6702055175337186
2025-03-30,4403.0228865907,3.7753674536575472,0.8004358741895078,134.9433899218087,0.022348795191306777,180.32079054437665,0.2774751936612433,0.4021127287100729,0.6792827440409532
2025-03-31,4422.69208336589,3.6729101144026552,0.7884639899482848,138.36282820941682,0.02788526899621991,161.0631633329179,0.2639653619659734,0.38724503925897796,0.6709314339939451
2025-04-01,4372.521394440669,3.696538158807431,0.7844689531803782,142.68333284562317,0.02141790127451815,172.376880283453,0.27635544322283917,0.39571702460221253,0.6576269079953924
2025-04-02,4558.220563390906,3.729665453811972,0.7996813449888901,144.61139495967325,0.028684240861696367,183.7928012111373,0.284019794383333,0.40168716211951133,0.6788261413300176
2025-04-03,5025.409556355086,3.8131926530589713,0.8052520204143263,140.0962360254834,0.025077655232779848,185.86182118459703,0.2936714172035375,0.4015789962754318,0.6716443734614862
2025-04-04,4726.342220971945,3.8456945243126626,0.7974173003781204,141.4268546863544,0.024482403622210245,192.41165324356976,0.30393796737083706,0.406175438970205,0.6648185889421108
2025-04-05,4747.374277506883,3.856898231920984,0.7996300236540721,144.77614928548996,0.023857120590679633,190.86487239543092,0.3011903866465404,0.3860316603230196,0.6666503292413677
2025-04-06,4506.440868998354,3.727294586992677,0.7874627213278201,152.74254095707852,0.022594443080706343,172.98700973050117,0.27600336156611205,0.40712720646673023,0.6525977911057711
2025-04-07,4592.4002853396505,3.698316503409802,0.7615218620241877,141.60172721617883,0.027208512978755397,172.97312752571588,0.27214107452448394,0.39518862139140454,0.6616240179886927
2025-04-08,4507.236740208451,3.5562653673329616,0.7719266920021569,135.6998158600783,0.018646288382491938,169.65424417549227,0.28227919967582465,0.3805324060309134,0.651368672962489
2025-04-09,4559.28098631248,3.705940332082573,0.7982134258662102,136.9059464721927,0.0245782514667107,173.3312604540628,0.27976551367816216,0.4035582768805933,0.6665324239777171
2025-04-10,4952.376891735734,3.821274059433629,0.8066442060038859,135.68331045129221,0.02192478082444676,183.24514146590542,0.29454942196316974,0.3970562126812142,0.6666261593353477
2025-04-11,4890.829048039708,3.947328790548115,0.806443021935086,143.81805405912962,0.025852202206299905,171.62706955808233,0.29649255728774115,0.41297725629214616,0.67947535244332
2025-04-12,4636.877429592078,3.8794197965410833,0.8081333862524273,142.19980906294526,0.025004596338808548,180.72791933094402,0.3059761204073903,0.39221200556278946,0.6716979946323139
2025-04-13,4474.220966753663,3.7705872932742523,0.7768112328520671,145.9621360906853,0.025639572188505738,158.47166169426762,0.296646888003505,0.4003887881297877,0.6604006301026464
2025-04-14,4225.99200001778,3.726887412871977,0.7998817129330046,143.753366019809,0.02188868425812159,171.9135565029591,0.3085986580964915,0.3802958586541268,0.6729527793171837
2025-04-15,4433.0348561100245,3.744181126646498,0.783266465033629,140.58513234923535,0.020072402881907533,166.87176560495504,0.28641160615144345,0.3725542905021837,0.6594649374313554
2025-04-16,4666.797025984301,3.824606126200528,0.7905387404030935,146.14559509029795,0.023549768234897246,172.302007125774,0.3019507360001021,0.3982720409477852,0.6657117792321251
2025-04-17,4799.127363056004,3.779337424464179,0.8064660633713128,140.97039017143945,0.02515038382604188,178.34588106181667,0.2989494416590632,0.4039507624049904,0.6794415992174541
2025-04-18,4792.741899752434,3.938837584160796,0.8108507046057497,139.54890596831234,0.02734770748529657,194.2928767608354,0.3140772695221984,0.4202154736297806,0.6738338831812404
2025-04-19,4771.258247116343,3.8489807126987112,0.8048553601892988,142.99649428750354,0.02400979714742167,186.654706216699,0.3167645010135557,0.39195213724891154,0.7025152146997083
2025-04-20,4542.32174964621,3.718262462496811,0.7771500237025232,136.90578500595487,0.02294831864233858,161.736708667072,0.3028133325041426,0.39609510580231233,0.6703161391739118
2025-04-21,4484.653460080228,3.670335538224577,0.7892584864998216,147.17326261940676,0.022097573047558817,168.79048516892368,0.28995950830139866,0.3910953864182009,0.6565561520581106
2025-04-22,4586.103472128814,3.787804907604337,0.773364594173873,136.87570578490119,0.022777255998719697,159.6240027891185,0.3146711552215292,0.3739477795542613,0.6472588059988975
2025-04-23,4705.564761538437,3.85115385236273,0.7992273622775322,142.2668058005309,0.024049509936476428,190.41544410944329,0.3021177098247496,0.4040183561562963,0.6930320985984222
2025-04-24,4792.212944070425,3.9803481906475775,0.8012179983819762,140.85220085110674,0.023639139464538262,183.40412254780836,0.320989069018041,0.39289514629297384,0.6847791316467692
2025-04-25,4820.19937953335,3.806834637165587,0.8163904055115944,145.17086473615524,0.02159069927529017,180.81922156012357,0.3178995446522134,0.394779170399801,0.6987028090065425
2025-04-26,4846.25042341309,3.7977665788572565,0.8043435811742001,139.81435031188124,0.028259358447040833,184.7347172913665,0.31154776021606234,0.3873292205895684,0.6871961800900291
2025-04-27,4415.061902214028,3.830911111260804,0.7942817839120634,147.33333232026874,0.02492225176598395,174.6759427128723,0.2983392179099276,0.40454161770067626,0.6820923541196725
2025-04-28,4530.83620040722,3.645172108153862,0.7924241557509135,142.24494632302506,0.027491365793906382,167.28412326311408,0.3089042917121969,0.38839276569473463,0.6717257005716616
2025-04-29,4568.535611648515,3.7889923902481266,0.8068847384235146,135.96196550842225,0.02491806372450703,165.04230952988155,0.3149501589306467,0.3882495693107874,0.669606715232871
2025-04-30,4314.165793291419,3.8416822537392163,0.8076146769672761,148.2307767652066,0.023471302442341798,176.77993635124085,0.3295338251561348,0.3877416142514268,0.6811244353339796
2025-05-01,4708.440328170382,3.9270914945991886,0.8058736185880945,143.82264593204565,0.02128257232506987,171.52554643790972,0.3172909130190008,0.3845925720086141,0.6736038189484541
2025-05-02,4922.961005943379,3.956807633124371,0.8351583196258373,150.24559669947052,0.021328242436168595,183.03214013572193,0.3438435535888054,0.40415941113688986,0.6848185774786619
2025-05-03,4644.844457476235,3.867085763239576,0.8215370947800895,144.3752438794842,0.025051323756660273,184.86876694070548,0.346210436224172,0.397813640919126,0.6766679029284808
2025-05-04,4716.7564112573045,3.822055897671909,0.8028183116546743,138.9290989867817,0.02484689616600178,161.42783672222848,0.32001629003182086,0.3763367643990594,0.6633270383573622
2025-05-05,4620.923855471957,3.7968279945760997,0.7831727261697833,134.8169700787628,0.02120629923931465,165.5693079900879,0.33922847951392426,0.36114077934785704,0.6556910349765335
2025-05-06,4591.847495633217,3.8005161555029705,0.7831979914372357,147.0179606875928,0.02619241087376631,164.66600430806452,0.3363997652573333,0.403792972829188,0.672947199136722
2025-05-07,4749.487684808376,3.8071288106018377,0.8002047536774503,136.7993690865561,0.021267574185252786,177.12737571250292,0.32817186798936593,0.36827457107990375,0.6797215298303314
2025-05-08,4973.357394644737,3.85748398121093,0.8087313720237042,141.89916213338444,0.01886781539253106,181.7205694802594,0.34256685562737754,0.4032499143193348,0.6772996320756786
2025-05-09,5053.7280331416,3.9476963024777936,0.836005721519684,142.91834808818132,0.020948799404376498,178.80354831642737,0.3431717800543154,0.4037334186653882,0.6913044166539425
2025-05-10,4922.728933213519,3.924901317205632,0.7995809261217417,145.11717003454717,0.019089480065013216,182.31129786922182,0.3367037018433189,0.39426459223503146,0.6941259895557702
2025-05-11,4707.617298360753,3.814649512320577,0.8123261275715516,146.2132400607439,0.026894513816055017,163.56299225741114,0.34215097469320976,0.3750623162389458,0.6775486332626802
2025-05-12,4647.550527957453,3.745928047114476,0.7952830864688991,149.4577525150104,0.023940378319221595,166.24468940286232,0.3278771946209507,0.38147460092349916,0.6596035875324917
2025-05-13,4694.802833343911,3.66343742973993,0.7877587252822715,141.41428849230437,0.02017154383421479,169.5763691625067,0.33477550356186403,0.37838460510697935,0.6693749453313428
2025-05-14,4726.591030725601,3.887413841732283,0.8055829208831767,136.14499511492113,0.02171477126243357,171.3527992390006,0.3335318175450523,0.38067552531009713,0.6938347165686839
2025-05-15,5165.643497042129,3.8139968387279795,0.8349259010540921,131.9454435326978,0.030634691865667828,177.70474880795445,0.3569187292070346,0.3739344338650687,0.6927527583602031
2025-05-16,4848.966110397855,3.8955850051703864,0.8341553113526305,136.78803275386,0.020756636602154013,185.28621331307536,0.35115862723059155,0.39153362054262425,0.6951137753985198
2025-05-17,4975.758638825858,3.921864488329378,0.8029640686382349,135.67370027066258,0.021078227191870302,173.4807938113548,0.34532534127494596,0.4031221135392829,0.6977116467136865
2025-05-18,4629.214497845184,3.7162295431721377,0.8086918912088481,133.16729265246295,0.02608536053433895,163.91947008040137,0.3414188545101088,0.38099764923768964,0.6741333056118491
2025-05-19,4656.3076856023745,3.6830825922135046,0.788034064720838,136.03793962522732,0.022191146159468458,160.14264761072198,0.3274064963323259,0.3784284078798139,0.6945585275888839
2025-05-20,4698.889022547639,3.881061023115605,0.7992758564070042,145.35673501216993,0.028530554956119936,170.24872306709526,0.33240844233060496,0.36141692189056107,0.6849453142490134
2025-05-21,4923.126523169514,3.79379909763959,0.775691132951259,142.24809251360028,0.025739536191182306,172.44407485142332,0.36223337756705604,0.3849716008450504,0.7008691454740681
2025-05-22,5071.5503949692575,3.905025249459524,0.8435223771742351,144.57183383921154,0.02865837058928387,185.06444935391164,0.352979431755262,0.3937761677171933,0.6997852655409132
2025-05-23,5155.744163112173,4.103428104143532,0.8259588224369894,134.508222157193,0.025691616872425545,183.46024136909068,0.37411765451268886,0.3965183122797579,0.701040720815258
2025-05-24,5212.699947810812,3.9304306156183353,0.825117192628184,133.9284656383535,0.02364901454964074,157.66137576798536,0.36271631493483086,0.3862817315167324,0.7026369031634052
2025-05-25,4687.9362778393315,3.729501101414068,0.80972889262501,142.21920107546143,0.028532645306869206,173.72169406097544,0.35813551826944395,0.3792524184547199,0.6800480654627388
2025-05-26,4313.516344392779,3.7585129793516643,0.7852040929754329,143.612791838517,0.024112266803005464,164.68893561250806,0.34581957701260474,0.36092902437457797,0.6977704108887787
2025-05-27,4876.91095490389,3.8401403408119332,0.8149572002644583,137.16790406591562,0.024222900414611146,158.39414146518436,0.3539502434927909,0.38524130332797335,0.6793877671164535
2025-05-28,4991.897080191417,3.919436039987386,0.8149003374893395,133.38365318259676,0.022142655207258014,162.10659708185653,0.3521098290554799,0.38187052930555915,0.7028953972726164
2025-05-29,4991.842069856607,3.9861674973091175,0.8369106844326777,140.11313361415716,0.015181503606996442,186.03285363966222,0.36114539657668987,0.3932754631325915,0.7051814053579875
2025-05-30,5041.383056932284,3.899636692079116,0.8436008761996936,133.54188089669782,0.02394824584770316,166.36171938287706,0.36218863359356285,0.3932400978138832,0.7117321155153136
2025-05-31,4869.308460162545,3.9112291186434422,0.7913415472710041,140.86325138049853,0.02482849675777242,171.16458524724476,0.3631569127932155,0.39689762487318825,0.7099394807742725
2025-06-01,4749.038131804319,3.901365436806377,0.7954888280841028,135.09526215720882,0.022848256551527838,164.07310552668773,0.3732280894871064,0.37399812690684475,0.6886718006434746
2025-06-02,4556.9567373544105,3.716982208007748,0.8021534361156462,140.173765601659,0.023084789446755648,157.23502308657325,0.34682383704316166,0.3738298166860367,0.6858110404554617
2025-06-03,4813.370967761577,3.834959486444398,0.8035525499429821,140.29295015927238,0.021301893071557002,179.0701245607912,0.3438172747600372,0.3728063084471668,0.6863122072395059
2025-06-04,4944.580580653127,3.8794302365581155,0.8150851934183958,131.9656101317131,0.019971530859177807,163.9606417830986,0.35731870885135997,0.38031868687805587,0.7042804040848004
2025-06-05,5120.8726500561315,3.95498703804382,0.8046195189911195,132.88988666678736,0.024037300710775693,168.05380324428472,0.36557040303940647,0.3946031846797007,0.6967179697883032
2025-06-06,5065.589921564745,3.991573612463371,0.8239662757409401,132.45890489629073,0.0213356356935826,180.25944835346843,0.3764228304075915,0.3877686673670968,0.7063220503484926
2025-06-07,5180.686219943717,3.9284617454411355,0.813310897947132,134.28558237591704,0.02315478393292371,164.90181700839656,0.3789741550525098,0.3774645940000409,0.6901669791144971
2025-06-08,5083.366775109161,3.8689034961243514,0.8193571447400144,135.44706797157332,0.02395212277667159,171.81773400492173,0.3744488578466115,0.392760969294998,0.706386306885015
2025-06-09,4717.372508004724,3.801982949435114,0.7947157367586511,139.4635907506717,0.026862238128597567,170.38691589799154,0.3702279360424508,0.36090302039161914,0.6926940515506583
2025-06-10,4692.329596362026,3.855720892022397,0.8119599366699377,139.6726735133561,0.023879870627967495,168.9937719300526,0.3580563268391439,0.3578996385928246,0.6957461127701025
2025-06-11,4910.379863084702,3.9620459688231664,0.8116413235836742,138.41879232081268,0.020592807292812102,168.1892029484283,0.36186865157918024,0.37662555482464277,0.704394771183502
2025-06-12,4980.800480877602,3.982379870731617,0.8171493911274034,147.3045367472051,0.019295719390415557,169.4680455899635,0.3830199790213413,0.37483744303608385,0.708079947543914
2025-06-13,5132.232729094265,3.828753229764325,0.8299406239398217,135.81630517824243,0.02772379371329799,182.33340807682964,0.38601716053716684,0.38078752887445094,0.7295298601181205
2025-06-14,4992.6997681403345,4.031518480458643,0.8121320450468242,135.70438094046068,0.020489008366650126,180.28860140041667,0.38395137128531254,0.38355922390092245,0.705228157676329
2025-06-15,4914.993542820862,3.8464940740189726,0.812514994922975,144.5518550334298,0.023043672761719283,177.3536082787531,0.3839815951834387,0.36766900951097314,0.6892122461876196
2025-06-16,4769.937683242784,3.8247015949569367,0.8072977075917677,135.00648173812843,0.022155377155898943,155.34041765400843,0.36648991122499275,0.3649034218767067,0.6945795259233168
2025-06-17,4889.354406044921,3.757736672196034,0.8308068057756385,147.38907096049937,0.023032439671229598,161.14378174745613,0.37296913774370183,0.3617348202293775,0.7025794144788406
2025-06-18,4887.770033899804,3.856212324540881,0.8160965553229194,139.59405395697866,0.019650376203689836,177.98764681325991,0.3980041395018909,0.3800382441406841,0.702649520809133
2025-06-19,4894.011609374632,3.953633512359417,0.8410996423317684,132.51768457268116,0.02256013786877459,174.23613254186367,0.3876546139900101,0.3762487320361477,0.7179711713639692
2025-06-20,5363.076635371125,3.8772277052579844,0.8451804356318756,135.36960071187022,0.02529958205699367,174.55912446364758,0.398349133472491,0.371919961618928,0.7065182605987073
2025-06-21,5261.76721673847,4.00072458629916,0.8471615657831173,130.3898269198267,0.022297958869012948,168.72296167951566,0.38029146888335785,0.37535163479539796,0.7137774268940499
2025-06-22,4861.203897792448,3.8695938612886924,0.816089057885533,140.56740970409663,0.02728287566342535,158.50929233937399,0.3752274757418952,0.38498552077091147,0.7008820887072589
2025-06-23,4771.5723638281615,4.010013697224003,0.7744675559668249,140.17082558242473,0.025303211555025393,166.45258731254646,0.37270499639838645,0.3766048058951984,0.713805179551132
2025-06-24,5133.636288177922,3.931729666105117,0.8114990628396807,136.83074763803353,0.020621640778957052,148.25133964737057,0.360442631727556,0.3536844792220743,0.6876387726493804
2025-06-25,5168.016517060089,3.9802225997866243,0.8317425803458541,138.3954885409105,0.02415306844164002,174.90041720811266,0.382443832599645,0.3628975429629739,0.6936025562728623
2025-06-26,5125.6185576835205,4.093091377345448,0.8686301982683026,136.00636550146285,0.019502687953200013,178.6324278513112,0.4087744931945462,0.3673273428478394,0.7126935725402558
2025-06-27,5056.193384332756,4.034671481892897,0.8164752272687064,141.20609060617227,0.020224328786332794,185.8722035435419,0.40264467591631237,0.3882835492855741,0.7316151515830457
2025-06-28,5121.778469748667,3.9126555079981484,0.8242134734863361,133.47765827209687,0.021535249538791774,166.37306019296778,0.3905145102826124,0.37094168931780247,0.7227046491664094
2025-06-29,4939.832447491049,3.8818187238057376,0.806105353770794,143.36436304009175,0.021270718832779305,153.98065310099878,0.3999307496345616,0.35618737287004076,0.7061941866473663
2025-06-30,4880.794075133282,4.006500399610829,0.8004280295180751,135.45744069002563,0.030205861137658285,190.77659691549647,0.5040492914900269,0.3347162829473379,0.7563276168756803
2025-07-01,4915.774050828079,4.011066135081456,0.8200322796329742,131.23195469684887,0.036717647913152116,203.12760549044216,0.48267024498815714,0.3319761132277401,0.7210036564801074
2025-07-02,5312.83417349284,4.145600700271972,0.8293687256736597,123.80954542718669,0.03391676505245604,200.10973011435436,0.505432768728535,0.3491624379974826,0.7378332283207797
2025-07-03,5166.736046624287,4.204861298971631,0.8426179658963648,129.87832852529453,0.035665571380092645,214.9397671469228,0.5060118358787411,0.3292768416060635,0.7455755533269606
2025-07-04,5100.368205717998,4.20733184175054,0.8334245294730523,130.74080805715246,0.03297756041894591,198.06267338123484,0.5195323542962045,0.3424395679513931,0.7513200396177597
2025-07-05,5100.27571039751,4.087348819836346,0.8144251300097055,128.2598705926985,0.03313384971399275,210.93553036914,0.5113274734818319,0.33550432322088286,0.729794667284512
2025-07-06,4910.674245026997,4.085916649402986,0.828222184425431,120.91659838003281,0.030526267368917614,200.84471448082982,0.5063800847317106,0.33423724978665015,0.7483557999230576
2025-07-07,4776.554986532768,4.115623245344305,0.7943334594902922,123.01011814836664,0.0349555805862688,194.95769329583788,0.5024501391416561,0.3320447796470446,0.7254415400866109
2025-07-08,4878.647820253121,4.106795306612668,0.8062215033322065,126.96489581613301,0.03596055902612906,190.92051404537347,0.5029934502302341,0.31599131151784043,0.7345128571178068
2025-07-09,5118.9695019024775,4.162864676509589,0.8351564055570413,124.34021115103556,0.03528898023686161,199.26413982681032,0.49437441825706274,0.34717375457096833,0.7368213440930277
2025-07-10,5186.068089512284,4.220538343299153,0.834331791394048,129.35384512269516,0.03328129765494588,203.8854107081675,0.5103075994224642,0.33044148455194977,0.762765722970302
2025-07-11,5346.219818631357,4.230929712279216,0.8376484034482532,126.40461367869568,0.03319851125503018,216.23563605604733,0.5020228500779053,0.3467167747743426,0.7573141988265196
2025-07-12,5150.969384554023,4.260210517960295,0.8507750673704564,132.6702686257511,0.03216317000012438,206.02018129430405,0.5266513781386934,0.35598028161093287,0.7407909109537663
2025-07-13,4692.5133736142125,4.109686227458023,0.8373521458130901,122.72667051620036,0.03689092487212156,190.2962744585965,0.5147951412988793,0.340295283266546,0.7411112513291876
2025-07-14,4833.34783743123,4.09664679232031,0.8206953629366965,127.7211571558395,0.02200029265783814,159.1612586078312,0.4978642887282302,0.29849228531912597,0.7519398811975625
2025-07-15,4917.785458534039,4.080144793394721,0.8184794994475136,124.79885605256652,0.021827305330983204,161.75570248468844,0.5243098818339267,0.3280209895632872,0.7433073109678763
2025-07-16,5172.360355334092,4.184877246388151,0.8183000511371586,125.10308625864602,0.02175137111272235,172.18401469083636,0.5216789402972984,0.3200652879561269,0.7493545416736442
2025-07-17,5187.135783141341,4.278299030823866,0.8208946825906185,126.51782451647466,0.02046075327663288,170.81773285111203,0.5174004983181764,0.35779485410566303,0.757918706859473
2025-07-18,5487.856406077429,4.220871794915727,0.8796594015636066,117.10037723842123,0.020388240629876653,164.229320813897,0.5297950569353914,0.3381465345277034,0.7652615160077693
2025-07-19,5005.934066400073,4.116492501522722,0.8527451191120956,131.46972068937362,0.01983479213054796,167.4883468946892,0.5210452091107509,0.3337651260463209,0.7572768266613868
2025-07-20,4905.308467250177,4.162566360747852,0.8164506101630985,126.62059546614333,0.02022012797478073,170.6101571510737,0.52507589792234,0.3419891249917132,0.7394214307127127
2025-07-21,4832.647831757192,4.083424643363934,0.7969179574288286,124.85479327297165,0.020224170114061017,151.6470881380502,0.5325854511987098,0.32860687849461667,0.7413901147108236
2025-07-22,5133.596753007025,4.148155738624168,0.8212474366732013,134.36996392571874,0.021654776988010802,163.72892288498713,0.4906934350018237,0.31512517945061347,0.7473334179451745
2025-07-23,5198.303783220633,4.135595360742547,0.8307066648692165,123.31069410929697,0.023726816222456152,162.30565400395443,0.5131801753284649,0.35240302043659544,0.7543418945033034
2025-07-24,5324.256487388841,4.154517232468166,0.8353052424428857,128.82268537420117,0.017739574119758048,172.773823697439,0.5220014673206013,0.3268920738646388,0.7412097585057422
2025-07-25,5524.693505969837,4.271049952056733,0.8533499105434639,121.51957867667187,0.024917522607062224,180.5557642638208,0.516478073634138,0.32607503057474063,0.7701725329535987
2025-07-26,5075.520039599475,4.140827229098131,0.8347938257034678,128.72837770710478,0.018450524789822426,162.61840445583877,0.5187009941330484,0.350489954644999,0.7533793221866657
2025-07-27,4995.2508981693445,4.16315629078556,0.821677328335138,125.60200489760808,0.021765216359405818,171.47394499735395,0.5314321662378748,0.31359106977942,0.7635822729166025
2025-07-28,4969.892113838936,4.079522321728433,0.8253449027312842,131.55659903751345,0.025186807625670368,157.148349146696,0.5150275090219812,0.32398621018668317,0.7278681725063247
2025-07-29,4948.833771208084,4.031451986956022,0.8053153018248096,137.47467816101417,0.021414470067178518,151.11114050169874,0.5303313735258883,0.3102303119958302,0.749210970988251
2025-07-30,4940.301379256059,4.267618748856963,0.8480690541031922,116.40734337998508,0.022480794336088607,158.931754841816,0.5188786017791244,0.33891675857063175,0.7505641783999681
2025-07-31,5322.555595984369,4.3028485129208125,0.8559791203945379,133.68948157635253,0.021111412196363696,175.93045305313774,0.5381866335734279,0.3347400644217543,0.759335537936747
2025-08-01,5462.935192011817,4.224567487728538,0.8354513393208391,125.72963297960857,0.02554579531189575,172.58515034814093,0.5591348026162615,0.3253492558555192,0.7720650841485739
2025-08-02,5427.780193642467,4.273752821281976,0.8481210399155432,122.3186581362911,0.02577965268933945,167.99148247999514,0.5371605482313715,0.3275006524481946,0.7688688494092034
2025-08-03,5183.72484871523,4.140581780137324,0.8197680540096222,131.64902785649747,0.022226715787878486,159.64122091437085,0.5237649980752058,0.3409260522048204,0.7513593127732101
2025-08-04,4831.771569018099,4.171204211243813,0.8223726409139269,125.95521413248534,0.0251264337642222,153.90812101795595,0.5577108600499254,0.3174289466389564,0.7582951428682101
2025-08-05,5029.254909119004,4.08773537203871,0.8260964311076449,130.42732625683522,0.028034839540755935,148.60416026945046,0.5286735712810063,0.3192455728578659,0.7648703540012476
2025-08-06,5168.049592860769,4.197605487860817,0.8425650195996763,121.93185329595147,0.021831854386489543,158.15874699830619,0.5368561335908794,0.3436246482945027,0.7683003125678967
2025-08-07,5472.179185196693,4.281803968088807,0.8465829893904496,124.06432400826776,0.02273698310499753,177.98444441536034,0.5370445304347348,0.32569448712662163,0.7687300646304833
2025-08-08,5333.388339496594,4.250310442112812,0.8747255873723523,126.49563481000985,0.02319975813853103,179.94667788461928,0.5568514080361666,0.3255704148019294,0.7889857366728527
2025-08-09,5386.248228110492,4.288535899887819,0.8370908462275124,129.68915545306515,0.019309821362222087,170.63133241257015,0.5443878848438536,0.3229361470768465,0.7601616636877893
2025-08-10,5115.15354652788,4.189862451272928,0.8452817772314944,125.91131308831314,0.020138989583255745,157.6256374631538,0.5347405769318023,0.31513081554560873,0.7704852165975185
2025-08-11,5033.249563054838,4.018369511349325,0.8202731530966293,128.41106156273497,0.02368757075941695,162.18526344129364,0.5400298534513794,0.3168779984383714,0.7512118803112051
2025-08-12,4684.940050727167,4.188173726593953,0.8245015491332296,124.2083574462034,0.022932569072132696,160.29012090855616,0.5594959533063826,0.2982494309748448,0.7520257810902614
2025-08-13,5173.653324005653,4.15923101045464,0.82879146232388,123.77272536959276,0.0212999077098527,171.43712575206024,0.5597224311644459,0.3236533040623555,0.7563575927499263
2025-08-14,5492.029237587769,4.189586938000654,0.8390032345712959,128.95984837905525,0.021528952793901907,177.0006352954803,0.5613050095243507,0.3257915747569323,0.7701357356659394
2025-08-15,5459.649213721282,4.192512651787149,0.8680941385700033,115.8109727635477,0.025065948523964827,175.6224748719033,0.5632644030902829,0.2960245202796763,0.7840183829405819
2025-08-16,5476.428544765571,4.181196681971152,0.8483187113655414,120.07506715614272,0.025115252583340818,164.02821730887104,0.5308790221231732,0.3108392215512803,0.7811171344894392
2025-08-17,5091.278279492349,4.15475592284369,0.8391475631893448,123.92540073190068,0.02072849279028593,149.55501982313103,0.5355242652199873,0.30053420030513456,0.7515819701687191
2025-08-18,5094.329279008958,4.132513054742194,0.8244610704361435,125.46600226207883,0.01823601341048853,149.83653401673934,0.5284100324260504,0.31801478426582164,0.7536735376694618
2025-08-19,5275.137132000936,4.140545403340776,0.8370688909766782,130.53140329869493,0.018644558016156172,155.260664207942,0.5606486452866386,0.30285220940358115,0.766397214274431
2025-08-20,5445.019512490279,4.217197878055942,0.8610503365163322,122.47148331705304,0.0222088831782644,150.40632757396241,0.5596902919373029,0.30846968935833996,0.7787522076762426
2025-08-21,5457.7072103323,4.237244894268615,0.8592832548630565,121.37604463128616,0.022682126957601297,169.45520280614974,0.5650982631175535,0.3394245141455752,0.7743474410397699
2025-08-22,5598.219581839489,4.299700621216239,0.8571415639501407,125.67989625189676,0.01989669227071962,170.68266675302831,0.5560271951480077,0.33967591529591223,0.7793909467641675
2025-08-23,5349.637079867512,4.190845525695382,0.842679344563669,132.81054526396355,0.01601589380310053,161.33360098386197,0.5604509078738408,0.3294348822069131,0.7759074756633731
2025-08-24,5306.233862841952,4.168200928655388,0.8236012070537697,121.16548261586036,0.021759218403897402,158.36158492991825,0.5493225757281684,0.3210391243362627,0.7496903985462107
2025-08-25,4995.729838574157,4.165513276577789,0.8074023263083842,131.4556621379897,0.018319932944510498,163.67537172318256,0.5460213696380634,0.29659816823830387,0.7367329634353701
2025-08-26,5021.4115305341875,4.2077215093309785,0.8243371596435672,129.17767014292633,0.02156721827700462,171.79972966910046,0.5605241768556288,0.3196286952155256,0.7754693487903321
2025-08-27,5325.05182039243,4.282481842192601,0.8265791893630741,118.98442400347469,0.022161590433172156,154.10518047210377,0.5692998568532094,0.3127733692254592,0.7634221705142225
2025-08-28,5358.385469849224,4.25923778577602,0.8479835284085687,121.43253838199601,0.02480291164721331,168.28352150222838,0.5751466707803504,0.30900389324308797,0.7763074592759633
2025-08-29,5606.072059802213,4.1627306556717425,0.8560826003051071,120.34587316102102,0.017501207520656134,165.44923277955724,0.5857651137497856,0.33402916598739485,0.7857021476020204
2025-08-30,5359.083040759077,4.236893432988578,0.8506667270195494,121.48161106945949,0.025721871495874078,163.2526394759355,0.5756935073108798,0.3078731645994912,0.7754052977123502
2025-08-31,5068.811017764846,4.255137907054314,0.8160831809859825,124.86392289606832,0.023348395718828595,158.1436214859583,0.5667341056399096,0.3098103868271509,0.766693000473475
2025-09-01,5103.596897821734,4.0419970302705535,0.8283774748460702,124.07945041676959,0.022562840478801395,157.43394429155802,0.5671010673801246,0.31029435846937514,0.7682661251600439
2025-09-02,5192.902567128008,4.1857046400598215,0.8457622504317078,130.19059627234785,0.017843297594250785,148.14091004127198,0.588354826126479,0.3013620788283399,0.7407310483019793
2025-09-03,5384.752336763684,4.238669036878514,0.8339498330432914,118.05937627156436,0.0221794956421792,162.6273803237015,0.5762682706542148,0.33145822674797043,0.7713485135196704
2025-09-04,5384.531621452153,4.341104482730497,0.8663984855231847,119.43757962249094,0.02330214678664876,168.7813248828754,0.5777499311916895,0.3170472378572018,0.7819814597317477
2025-09-05,5372.670652830271,4.246636149588078,0.861014768585389,126.56652210045382,0.025057086695755147,168.74479707333285,0.5834023639806969,0.3365865231481827,0.7760741151947883
2025-09-06,5384.961666516108,4.294697001300316,0.8451682700522299,126.52480255291059,0.018001063962207534,173.62515407725633,0.572602451605767,0.319076535786749,0.7821900618875183
2025-09-07,5187.505171417201,4.190831493551935,0.8651049035929025,122.88328653467178,0.026775680272902357,155.31238519750997,0.5702577413692216,0.3068710075594895,0.763397024714889
2025-09-08,5005.185131174687,4.199987823553871,0.8350152808210118,123.98588334602994,0.016725878556800085,155.49586951134626,0.5679388371777729,0.29635490095173334,0.7659617501454002
2025-09-09,4953.667667802093,4.216454825303821,0.8236966124358075,121.42304329898406,0.015333423240317272,154.34037936732975,0.5711072869664914,0.2929645458535868,0.7645071016546745
2025-09-10,5209.318247735982,4.263028057901878,0.8603012327272659,131.61345136823118,0.018776153334854776,162.31464281740426,0.5930228618468949,0.30357683111356326,0.7677266513115031
2025-09-11,5621.247849646134,4.165913011904352,0.864236823156039,114.61340791138943,0.020818870593946524,158.78857162122182,0.5893893652727342,0.3303800112211406,0.7725059813907039
2025-09-12,5562.915523908678,4.313741377791098,0.8510978309155056,128.4544379514383,0.023642605435885453,163.59355700272664,0.588707957303159,0.31983558267920564,0.7818763697139649
2025-09-13,5338.90652736312,4.367588968839796,0.87839017594879,120.08306982159985,0.019507634932969798,160.2441302142351,0.5944361353837323,0.3199999685481856,0.789749197686085
2025-09-14,4993.991106786952,4.252063214916954,0.8346331932784825,129.80233012756088,0.02210131799704097,171.70349901294406,0.5838916195726183,0.28204088909069014,0.7681806054070285
2025-09-15,4966.988572359677,4.187391696548636,0.8240973764597106,130.9229223073972,0.018631022023964577,167.90255528963985,0.566541795519385,0.30378476021070844,0.76647158766233
2025-09-16,5207.325251041306,4.268925259905314,0.8327508503278223,121.14839218917896,0.02003020918718276,147.46329467209767,0.5806022589322801,0.28606069772700893,0.7515129796643562
2025-09-17,5479.186325362147,4.235918444923087,0.8170003620390623,124.86337632426492,0.019761520755206746,164.50753888996033,0.5922633273117609,0.3163578536939111,0.774605468440519
2025-09-18,5772.587178796568,4.355935056542328,0.8787528654028616,132.66748604844742,0.02114353436755397,153.27380590207778,0.6123235960397538,0.31335216881835637,0.787148889096349
2025-09-19,5412.721336162028,4.376779915151733,0.8385391527309196,121.19656699779117,0.018293643744289777,175.71225744487208,0.6110362073971684,0.3173665173609207,0.789721068416072
2025-09-20,5416.5079015782685,4.278944220546162,0.8425846268875893,121.54901633806307,0.020652286022221186,164.73369949147855,0.5865653626520095,0.31189053354668916,0.7975913863556843
2025-09-21,5185.053162838734,4.243513059495973,0.8426870501929704,123.65783278258829,0.022955366926526766,166.29172924662797,0.5735172462929773,0.29558580854697736,0.7785813486998624
2025-09-22,5047.8501260004705,4.198347624917407,0.8340420543144529,123.39845308827788,0.0216437365742313,153.66168367526413,0.5922013723865234,0.282504554356363,0.7732696189377288
2025-09-23,5080.467150852416,4.1513216047173405,0.8334421488911887,121.54083946190855,0.022098282613403034,150.82923934147135,0.5967510975884605,0.30530922006256855,0.7664454189110222
2025-09-24,5542.3326638648805,4.283238550843198,0.8564853847998363,124.44898662441508,0.025767154562568114,158.89988026067653,0.6039496927237408,0.3106075906117417,0.8034405279949589
2025-09-25,5506.743580498458,4.236326062513934,0.8814691808790674,132.7737985549291,0.02049281888109803,169.60043995624432,0.6089723547759422,0.3161327927667773,0.7902813563818131
2025-09-26,5602.714719614178,4.40197923675488,0.8531589066962065,116.70825383565177,0.023747565520748068,161.6889791272841,0.6246076214353276,0.32126198773331793,0.7912783826812364
2025-09-27,5821.50459297491,4.307435651257439,0.8415030324997955,128.62684644447478,0.02049084281398136,166.37146221105783,0.6103901042399925,0.30658538767544286,0.7923030488351688
2025-09-28,5501.4089041603675,4.33163390444826,0.8376618534314605,120.26970389824243,0.02000363764206556,148.43623470661717,0.5944108403283807,0.3024978344271825,0.7701638283492215
2025-09-29,5149.590800978542,4.181390829612766,0.862903141928491,124.54160672728398,0.021749077566358292,156.21287367394223,0.5722781560918759,0.3033216607533904,0.7650907391065634
2025-09-30,5072.349635284016,4.1803501511804635,0.8439566674544599,123.76147721412607,0.018721263965200054,155.12600048083496,0.596445474111295,0.2865163787609245,0.7734953513588715
2025-10-01,5469.206651661292,4.3162509870806085,0.8615164767936493,115.94907137657724,0.01978693330049859,159.56421452736924,0.6069890687694617,0.2865149171702285,0.7896598271547259
2025-10-02,5636.167433694605,4.289446193719876,0.8668941028025228,124.49012327120332,0.02307973854945447,162.41040304006225,0.618332765374472,0.3025181124795221,0.8039809493696258
2025-10-03,5579.139017442415,4.393022129041548,0.8685853114530472,121.99927195463763,0.023109290330437206,178.47937891422632,0.6292518772323096,0.29997319467587225,0.7896884261818787
2025-10-04,5759.26547606362,4.453587603717125,0.8532578696738017,116.6032821474705,0.0232066575586566,153.45517637157323,0.6057292027174968,0.29104970559032206,0.7940548491305361
2025-10-05,5335.929979698982,4.1745633721411215,0.8329131146073704,128.5067497786523,0.022148035411618274,161.42826963890963,0.6212537900984375,0.2940883376860619,0.8081459674104304
2025-10-06,5189.872932851894,4.121085627416166,0.8641974171272885,123.43179114890643,0.02076900444453701,165.045881395799,0.6030249306782663,0.282337872206717,0.7769808964756282
2025-10-07,5346.15989636829,4.2003222996641085,0.8439953215244728,122.81928002405934,0.021371604120305296,148.34758786058902,0.6042874963933172,0.30932140402734587,0.7853144894604625
2025-10-08,5596.516885090885,4.366857580621107,0.8559153152077634,129.33318131875913,0.01701247536118558,170.7271069132818,0.6101952440972414,0.29586652743955044,0.7800188588204017
2025-10-09,5692.595395438036,4.393205327381596,0.8777559923840115,120.17121818565741,0.01933066928232583,187.00933809815314,0.6293394526369239,0.30796088536933774,0.7895874405447093
2025-10-10,5715.835574145593,4.395186071512853,0.8739840325492262,134.40692455689955,0.01844960943354203,165.85973380910843,0.6262757975470246,0.2924664810261818,0.7907775403905853
2025-10-11,5495.957088485206,4.2965235568341456,0.8367259190773335,127.49102470529672,0.0229374799832017,162.37330046948813,0.6249664787374953,0.3164037159352864,0.7934229923718957
2025-10-12,5411.120097251619,4.298692828966394,0.8796532686071442,122.3515637665748,0.023273009645078252,152.27367054638347,0.6268595403477926,0.2888677705958592,0.7959801797812779
2025-10-13,5048.4107706377235,4.288797622001116,0.8573435947599757,120.08405330094607,0.023430229580987838,137.75227288544914,0.6163005282130999,0.3013726339061876,0.7791916448834219
2025-10-14,5384.157698234567,4.295326747937646,0.8445033571254945,124.49857257230903,0.01955069340626037,156.02076516531721,0.6110745508486976,0.2843068192736523,0.7882041870724928
2025-10-15,5452.51286780029,4.3686306531976,0.8703436197396017,127.81309600750083,0.019838935687643763,158.17237816602494,0.6292988425755778,0.299323450678744,0.7810113073263675
2025-10-16,5586.315131926989,4.370737121149826,0.8694407236906698,116.80506826456711,0.021647948274281716,165.68109677711033,0.6219272951772323,0.30595382191336884,0.7949214879001566
2025-10-17,5761.75124080876,4.40114504417617,0.8643610530321647,114.9021858255899,0.024217480371280985,170.90465634286605,0.6429118005459222,0.2948924276149142,0.8173314892328735
2025-10-18,5607.87669598244,4.256462150762919,0.8654191316534326,128.00408258785973,0.023119108912794503,152.99841039829522,0.6253151665998643,0.30483086329491216,0.7919174761296404
2025-10-19,5244.96966184619,4.340179630983096,0.8676115702989271,122.91094557425438,0.016539262900759258,147.55116757235342,0.6270701415383853,0.27921900757772034,0.8070461081665457
2025-10-20,5242.127398406813,4.30049016553741,0.8717943746713539,125.42109114130582,0.025867412782898676,139.96280293495988,0.6204008339451128,0.3021336150294678,0.7915606514761546
2025-10-21,5220.77577777097,4.225615612704774,0.8380500640543089,123.58136241688325,0.022448828455149273,161.8000801637784,0.6320877755623582,0.27107452791235076,0.7761326423961347
2025-10-22,5590.129528105136,4.257185940477077,0.8556785437179952,125.60675263453453,0.021155992784521915,163.17376860572386,0.6418032547111715,0.30210837595516504,0.8092281864128241
2025-10-23,5674.467772724597,4.324661389252251,0.8639452586857662,123.57486453660624,0.02589573351187884,152.1908201426057,0.6559717949922325,0.3039720162816312,0.8010522601993226
2025-10-24,5659.822240837455,4.4193344154409,0.873134065774095,125.4260119998732,0.022005424332362366,162.60958945831598,0.6544851393172114,0.2899099058507354,0.8122022114217469
2025-10-25,5636.922931646806,4.316647265660969,0.8753543349481725,119.42380550478146,0.019938608467981494,162.93690845020566,0.6411530631531396,0.2833802971228052,0.7916489383555736
2025-10-26,5388.5540949828965,4.296945096288179,0.868692178921811,121.63002522967628,0.021868858187257315,158.6487830499725,0.6260702103269734,0.30367717858624677,0.7976643672225939
2025-10-27,5257.492641181361,4.323048399727833,0.8492058292909291,129.58803194473592,0.022988100342643703,155.45483989958012,0.6345942619641499,0.28902599831653264,0.7934308801713152
